Workbook

Sheet Historique des vols
A1: Pilote | B1: Trigramme | C1: Date du vol (JJ/MM/AAAA) | D1: Avion | E1: HDV (HH:MM) | F1: DEC | G1: ATT | H1: TAG | I1: Remarques
A2: =IFERROR(INDEX(pilotes!A:A,MATCH(B2,pilotes!B:B,0)),"") -> DE GOURNAY | B2: DGY | C2: 46257 | D2: FGDJE | E2: 0.060416667 | F2: 1 | G2: 1 | H2: 7 | I2: Ex pour un vol classique de TDP
A3: =IFERROR(INDEX(pilotes!A:A,MATCH(B3,pilotes!B:B,0)),"") -> DE GOURNAY | B3: DGY | C3: 46257 | D3: FCPNA | E3: 0.017361111 | F3: 2 | G3: 2 | H3: 0 | I3: Ex pour un vol réalisé avec un avion autre que le FGDJE et FGLKX (ex, dans un autre aéroclub) --> Mettre FCPNA
A4: =IFERROR(INDEX(pilotes!A:A,MATCH(B4,pilotes!B:B,0)),"") -> DE GOURNAY | B4: DGY | C4: 46258 | D4: FGDJE | E4: 0.083333333 | F4: 1 | G4: 1 | H4: 1 | I4: Ex pour un vol réalisé avec un instructeur : mettre quand même votre propre Trigramme et votre nom
A5: =IFERROR(INDEX(pilotes!A:A,MATCH(B5,pilotes!B:B,0)),"") -> DE GOURNAY | B5: DGY | C5: 46259 | D5: FGDJE | E5: 0.066666667 | F5: 1 | G5: 1 | H5: 5 | I5: Solo supervisé
A6: =IFERROR(INDEX(pilotes!A:A,MATCH(B6,pilotes!B:B,0)),"")
A7: =IFERROR(INDEX(pilotes!A:A,MATCH(B7,pilotes!B:B,0)),"")
A8: =IFERROR(INDEX(pilotes!A:A,MATCH(B8,pilotes!B:B,0)),"")
A9: =IFERROR(INDEX(pilotes!A:A,MATCH(B9,pilotes!B:B,0)),"")
A10: =IFERROR(INDEX(pilotes!A:A,MATCH(B10,pilotes!B:B,0)),"")
A11: =IFERROR(INDEX(pilotes!A:A,MATCH(B11,pilotes!B:B,0)),"")
A12: =IFERROR(INDEX(pilotes!A:A,MATCH(B12,pilotes!B:B,0)),"")
A13: =IFERROR(INDEX(pilotes!A:A,MATCH(B13,pilotes!B:B,0)),"")
A14: =IFERROR(INDEX(pilotes!A:A,MATCH(B14,pilotes!B:B,0)),"")
A15: =IFERROR(INDEX(pilotes!A:A,MATCH(B15,pilotes!B:B,0)),"")
A16: =IFERROR(INDEX(pilotes!A:A,MATCH(B16,pilotes!B:B,0)),"")
A17: =IFERROR(INDEX(pilotes!A:A,MATCH(B17,pilotes!B:B,0)),"")
... A498: =IFERROR(INDEX(pilotes!A:A,MATCH(B498,pilotes!B:B,0)),"")

Sheet pilotes
A1: Nom | B1: Trigramme | C1: Avion | E1: Consignes
A2: ALLEREAU | B2: ALU | C2: FCPNA | E2: Nom | F2: Nom complet tel qu'il apparaît dans infoPilote
A3: BATOGÉ | B3: BTG | C3: FGLKX | E3: Trigramme | F3: Trigramme exact du pilote
A4: BAUSSÉ | B4: BSE | C4: FGDJE | E4: Avion | F4: Un avion possible par ligne
A5: BERGER | B5: BGR | E5: Plusieurs avions | F5: Répéter le même nom et le même trigramme sur plusieurs lignes
A6: BOULON | B6: BON | E6: Exemple | F6: DE GOURNAY / DGY / FCPNA
A7: BOUTRON | B7: BRN | E7: Important | F7: Ne pas renommer les onglets ni les colonnes
A8: CARO | B8: CAO
A9: CATTANEO | B9: CTO
A10: CHARLERY | B10: CRY
A11: CHARPENTIER | B11: CHR
A12: CHEMOUL | B12: CML
A13: COSNIER | B13: CNR
A14: COSSE | B14: CSE
A15: DA SILVA | B15: DVA
A16: DE GOURNAY | B16: DGY
A17: DORÉMUS | B17: DMS
A18: ECHARD | B18: ECD | G18: Echard Philippe
A19: ECHARD | B19: EHD | G19: Echard Jerem
A20: ECHARD | B20: ERD | G20: Echard Emeric
A21: FERRAND | B21: FRD
A22: FOUQUET | B22: FQT
A23: GARREC | B23: GRC
A24: GASNER | B24: GSR
A25: GASNIER | B25: GNR
A26: GENEVIEVE | B26: GNE
A27: HARDOUIN | B27: HDN
A28: HARMON | B28: HMN
A29: HUET | B29: HUT
A30: KERDRAON | B30: KDN
A31: KLÖTGEN | B31: KGN
A32: KOCENKO | B32: KCO
... A60: YHUEL | B60: YUL
